# 기존 SpawnManager.Start 하드코딩 이전,,,,
kind,startTime,interval,duration,count
Basic,0,0.5,10,1
Basic,5,0.1,100,1
Basic,10,0.1,100,1
Basic,10,0.1,100,1
Basic,80,0.1,20,1
Boom,10,1,3,1
NoAbsort,5,1,2,1
NoRush,20,0.5,1,1
NoRush,30,0.5,1.5,1
Boom,30,0.3,1,1
NoRush,40,0.5,2,1
Boom,40,0.5,10,1
NoAbsort,45,1,1,1
NoRush,50,0.5,3,1
Boom,50,0.2,10,1
Boom,80,0.2,10,1
NoRush,60,2,3,1
NoRush,75,3,15,1
NoRush,90,0,0,4
NoAbsort,75,5,15,1
HealPack,20,0,0,1
HealPack,45,0,0,1
HealPack,65,0,0,1
HealPack,90,0,0,1
Basic,101,0.5,5,1
Basic,105,0.5,10,1
Basic,110,0.2,10,1
Basic,110,0.2,10,1
Basic,120,0.1,9999,1
Basic,120,0.1,9999,1
Basic,120,0.1,9999,1
NoAbsort,105,15,9999,2
NoRush,115,10,9999,2
Boom,125,10,9999,1
NoRush,130,60,9999,10
NoRush,160,60,9999,5
NoRush,165,60,9999,5
NoRush,170,60,9999,5
Boom,130,60,9999,5
Boom,130,60,9999,10
Boom,160,60,9999,25
Boom,165,60,9999,15
Boom,170,60,9999,5